Title,URL
固体材料開発のフロンティア : 熱力学的支配を超えた物質合成と新機能開拓を目指して,https://jimkilisuf1.admin.tus.ac.jp/index.php?action=pages_view_main&active_action=v3search_view_main_init&op_param=words%3D%25E7%2586%25B1%25E5%258A%259B%25E5%25AD%25A6%26sortkey%3D%26sorttype%3D%26listcnt%3D%26startpos%3D%26fromDsp%3Dcatsre%26searchDsp%3Dcatsre%26initFlg%3D_RESULT_SET%26hitcnt%3D%26searchsql%3D%26combsearch%3D%26searchhis%3D%26akey%3D%26fct_gcattp%3D%26fct_auth%3D%26fct_pub%3D%26fct_year%3D%26fct_cls%3D%26fct_sh%3D%26fct_lang%3D%26fct_holar%3D%26fct_campus%3D%26fct_tag%3D%26fct_range_year%3D%26fct_stamp%3D%26fct_user1%3D%26fct_user2%3D%26fct_user3%3D%26fct_user4%3D%26fct_user5%3D%26fct_holstat%3D&block_id=296&tab_num=0&search_mode=null#catdbl-BB00949584
工学のための物理学応用 : 電磁気学・熱力学・波動・粘弾性体,https://jimkilisuf1.admin.tus.ac.jp/index.php?action=pages_view_main&active_action=v3search_view_main_init&op_param=words%3D%25E7%2586%25B1%25E5%258A%259B%25E5%25AD%25A6%26sortkey%3D%26sorttype%3D%26listcnt%3D%26startpos%3D%26fromDsp%3Dcatsre%26searchDsp%3Dcatsre%26initFlg%3D_RESULT_SET%26hitcnt%3D%26searchsql%3D%26combsearch%3D%26searchhis%3D%26akey%3D%26fct_gcattp%3D%26fct_auth%3D%26fct_pub%3D%26fct_year%3D%26fct_cls%3D%26fct_sh%3D%26fct_lang%3D%26fct_holar%3D%26fct_campus%3D%26fct_tag%3D%26fct_range_year%3D%26fct_stamp%3D%26fct_user1%3D%26fct_user2%3D%26fct_user3%3D%26fct_user4%3D%26fct_user5%3D%26fct_holstat%3D&block_id=296&tab_num=0&search_mode=null#catdbl-BB00940332
スバラシク実力がつくと評判の熱力学キャンパス・ゼミ : 大学の物理がこんなに分かる!単位なんて楽に取れる!,https://jimkilisuf1.admin.tus.ac.jp/index.php?action=pages_view_main&active_action=v3search_view_main_init&op_param=words%3D%25E7%2586%25B1%25E5%258A%259B%25E5%25AD%25A6%26sortkey%3D%26sorttype%3D%26listcnt%3D%26startpos%3D%26fromDsp%3Dcatsre%26searchDsp%3Dcatsre%26initFlg%3D_RESULT_SET%26hitcnt%3D%26searchsql%3D%26combsearch%3D%26searchhis%3D%26akey%3D%26fct_gcattp%3D%26fct_auth%3D%26fct_pub%3D%26fct_year%3D%26fct_cls%3D%26fct_sh%3D%26fct_lang%3D%26fct_holar%3D%26fct_campus%3D%26fct_tag%3D%26fct_range_year%3D%26fct_stamp%3D%26fct_user1%3D%26fct_user2%3D%26fct_user3%3D%26fct_user4%3D%26fct_user5%3D%26fct_holstat%3D&block_id=296&tab_num=0&search_mode=null#catdbl-BB00940131
熱力学 = thermodynamics,https://jimkilisuf1.admin.tus.ac.jp/index.php?action=pages_view_main&active_action=v3search_view_main_init&op_param=words%3D%25E7%2586%25B1%25E5%258A%259B%25E5%25AD%25A6%26sortkey%3D%26sorttype%3D%26listcnt%3D%26startpos%3D%26fromDsp%3Dcatsre%26searchDsp%3Dcatsre%26initFlg%3D_RESULT_SET%26hitcnt%3D%26searchsql%3D%26combsearch%3D%26searchhis%3D%26akey%3D%26fct_gcattp%3D%26fct_auth%3D%26fct_pub%3D%26fct_year%3D%26fct_cls%3D%26fct_sh%3D%26fct_lang%3D%26fct_holar%3D%26fct_campus%3D%26fct_tag%3D%26fct_range_year%3D%26fct_stamp%3D%26fct_user1%3D%26fct_user2%3D%26fct_user3%3D%26fct_user4%3D%26fct_user5%3D%26fct_holstat%3D&block_id=296&tab_num=0&search_mode=null#catdbl-BB00942273
演習熱力学 = Problems in thermodynamics,https://jimkilisuf1.admin.tus.ac.jp/index.php?action=pages_view_main&active_action=v3search_view_main_init&op_param=words%3D%25E7%2586%25B1%25E5%258A%259B%25E5%25AD%25A6%26sortkey%3D%26sorttype%3D%26listcnt%3D%26startpos%3D%26fromDsp%3Dcatsre%26searchDsp%3Dcatsre%26initFlg%3D_RESULT_SET%26hitcnt%3D%26searchsql%3D%26combsearch%3D%26searchhis%3D%26akey%3D%26fct_gcattp%3D%26fct_auth%3D%26fct_pub%3D%26fct_year%3D%26fct_cls%3D%26fct_sh%3D%26fct_lang%3D%26fct_holar%3D%26fct_campus%3D%26fct_tag%3D%26fct_range_year%3D%26fct_stamp%3D%26fct_user1%3D%26fct_user2%3D%26fct_user3%3D%26fct_user4%3D%26fct_user5%3D%26fct_holstat%3D&block_id=296&tab_num=0&search_mode=null#catdbl-BB00945028
やるぞ!化学熱力学 : せっかくなので単位を取るだけでなく研究で使うための勉強をしよう!,https://jimkilisuf1.admin.tus.ac.jp/index.php?action=pages_view_main&active_action=v3search_view_main_init&op_param=words%3D%25E7%2586%25B1%25E5%258A%259B%25E5%25AD%25A6%26sortkey%3D%26sorttype%3D%26listcnt%3D%26startpos%3D%26fromDsp%3Dcatsre%26searchDsp%3Dcatsre%26initFlg%3D_RESULT_SET%26hitcnt%3D%26searchsql%3D%26combsearch%3D%26searchhis%3D%26akey%3D%26fct_gcattp%3D%26fct_auth%3D%26fct_pub%3D%26fct_year%3D%26fct_cls%3D%26fct_sh%3D%26fct_lang%3D%26fct_holar%3D%26fct_campus%3D%26fct_tag%3D%26fct_range_year%3D%26fct_stamp%3D%26fct_user1%3D%26fct_user2%3D%26fct_user3%3D%26fct_user4%3D%26fct_user5%3D%26fct_holstat%3D&block_id=296&tab_num=0&search_mode=null#catdbl-BB00944238
熱力学・統計力学 : 熱をめぐる諸相,https://jimkilisuf1.admin.tus.ac.jp/index.php?action=pages_view_main&active_action=v3search_view_main_init&op_param=words%3D%25E7%2586%25B1%25E5%258A%259B%25E5%25AD%25A6%26sortkey%3D%26sorttype%3D%26listcnt%3D%26startpos%3D%26fromDsp%3Dcatsre%26searchDsp%3Dcatsre%26initFlg%3D_RESULT_SET%26hitcnt%3D%26searchsql%3D%26combsearch%3D%26searchhis%3D%26akey%3D%26fct_gcattp%3D%26fct_auth%3D%26fct_pub%3D%26fct_year%3D%26fct_cls%3D%26fct_sh%3D%26fct_lang%3D%26fct_holar%3D%26fct_campus%3D%26fct_tag%3D%26fct_range_year%3D%26fct_stamp%3D%26fct_user1%3D%26fct_user2%3D%26fct_user3%3D%26fct_user4%3D%26fct_user5%3D%26fct_holstat%3D&block_id=296&tab_num=0&search_mode=null#catdbl-BB00944200
熱力学・統計力学 : 熱をめぐる諸相,https://jimkilisuf1.admin.tus.ac.jp/index.php?action=pages_view_main&active_action=v3search_view_main_init&op_param=words%3D%25E7%2586%25B1%25E5%258A%259B%25E5%25AD%25A6%26sortkey%3D%26sorttype%3D%26listcnt%3D%26startpos%3D%26fromDsp%3Dcatsre%26searchDsp%3Dcatsre%26initFlg%3D_RESULT_SET%26hitcnt%3D%26searchsql%3D%26combsearch%3D%26searchhis%3D%26akey%3D%26fct_gcattp%3D%26fct_auth%3D%26fct_pub%3D%26fct_year%3D%26fct_cls%3D%26fct_sh%3D%26fct_lang%3D%26fct_holar%3D%26fct_campus%3D%26fct_tag%3D%26fct_range_year%3D%26fct_stamp%3D%26fct_user1%3D%26fct_user2%3D%26fct_user3%3D%26fct_user4%3D%26fct_user5%3D%26fct_holstat%3D&block_id=296&tab_num=0&search_mode=null#catdbl-BB00948427
エンジニアのための熱力学,https://jimkilisuf1.admin.tus.ac.jp/index.php?action=pages_view_main&active_action=v3search_view_main_init&op_param=words%3D%25E7%2586%25B1%25E5%258A%259B%25E5%25AD%25A6%26sortkey%3D%26sorttype%3D%26listcnt%3D%26startpos%3D%26fromDsp%3Dcatsre%26searchDsp%3Dcatsre%26initFlg%3D_RESULT_SET%26hitcnt%3D%26searchsql%3D%26combsearch%3D%26searchhis%3D%26akey%3D%26fct_gcattp%3D%26fct_auth%3D%26fct_pub%3D%26fct_year%3D%26fct_cls%3D%26fct_sh%3D%26fct_lang%3D%26fct_holar%3D%26fct_campus%3D%26fct_tag%3D%26fct_range_year%3D%26fct_stamp%3D%26fct_user1%3D%26fct_user2%3D%26fct_user3%3D%26fct_user4%3D%26fct_user5%3D%26fct_holstat%3D&block_id=296&tab_num=0&search_mode=null#catdbl-BB00940457
エネルギー変換工学,https://jimkilisuf1.admin.tus.ac.jp/index.php?action=pages_view_main&active_action=v3search_view_main_init&op_param=words%3D%25E7%2586%25B1%25E5%258A%259B%25E5%25AD%25A6%26sortkey%3D%26sorttype%3D%26listcnt%3D%26startpos%3D%26fromDsp%3Dcatsre%26searchDsp%3Dcatsre%26initFlg%3D_RESULT_SET%26hitcnt%3D%26searchsql%3D%26combsearch%3D%26searchhis%3D%26akey%3D%26fct_gcattp%3D%26fct_auth%3D%26fct_pub%3D%26fct_year%3D%26fct_cls%3D%26fct_sh%3D%26fct_lang%3D%26fct_holar%3D%26fct_campus%3D%26fct_tag%3D%26fct_range_year%3D%26fct_stamp%3D%26fct_user1%3D%26fct_user2%3D%26fct_user3%3D%26fct_user4%3D%26fct_user5%3D%26fct_holstat%3D&block_id=296&tab_num=0&search_mode=null#catdbl-BB00940650
